[
  {
    "id": 1,
    "brand": "Toyota",
    "model": "Corolla",
    "year": 2020,
    "pricePerDay": 40,
    "isAvailable": true
  },
  {
    "id": 2,
    "brand": "Honda",
    "model": "Civic",
    "year": 2019,
    "pricePerDay": 38,
    "isAvailable": true
  },
  {
    "id": 3,
    "brand": "Ford",
    "model": "Focus",
    "year": 2021,
    "pricePerDay": 45,
    "isAvailable": true
  },
  {
    "id": 4,
    "brand": "BMW",
    "model": "3 Series",
    "year": 2018,
    "pricePerDay": 75,
    "isAvailable": true
  },
  {
    "id": 5,
    "brand": "Mercedes",
    "model": "C-Class",
    "year": 2019,
    "pricePerDay": 82,
    "isAvailable": true
  },
  {
    "id": 6,
    "brand": "Volkswagen",
    "model": "Golf",
    "year": 2020,
    "pricePerDay": 42,
    "isAvailable": true
  },
  {
    "id": 7,
    "brand": "Audi",
    "model": "A4",
    "year": 2017,
    "pricePerDay": 70,
    "isAvailable": true
  },
  {
    "id": 8,
    "brand": "Hyundai",
    "model": "Elantra",
    "year": 2022,
    "pricePerDay": 39,
    "isAvailable": true
  },
  {
    "id": 9,
    "brand": "Kia",
    "model": "Ceed",
    "year": 2021,
    "pricePerDay": 41,
    "isAvailable": true
  },
  {
    "id": 10,
    "brand": "Opel",
    "model": "Astra",
    "year": 2020,
    "pricePerDay": 37,
    "isAvailable": true
  }
]